{
  "database": {
    "1746692496374": {
      "host": "127.0.0.1",
      "port": 3306,
      "user": "root",
      "password": "DawLab",
      "dbType": "MariaDB",
      "name": "Servidor DAW/PH",
      "advance": {
        "idleConfig": {
          "enable": true
        },
        "hideSystemSchema": true,
        "groupingTables": false,
        "loadMetaDataWhenExpandTreeView": true
      },
      "treeFeatures": [],
      "usingSSH": false,
      "useSocksProxy": false,
      "useHTTPProxy": false,
      "global": true,
      "savePassword": "Forever",
      "readonly": false,
      "sort": 11,
      "useSSL": false,
      "fs": {
        "encoding": "utf8",
        "showHidden": true
      },
      "key": "1746692496374",
      "connectionKey": "database.connections"
    }
  },
  "nosql": null,
  "$schema": "http://127.0.0.1:8828/schema.json"
}